Series	S	Years	Season	Episode	Name	Date	Holiday	link
Supernatural	15	2005–2020	3	8	A Very Supernatural Christmas	13.12.2007	Christmas	https://www.imdb.com/title/tt1032140/?ref_=ttep_ep8
Supernatural	15	2005–2020	4	7	It's the Great Pumpkin, Sam Winchester	30.10.2008	Halloween	https://www.imdb.com/title/tt1222614/?ref_=ttep_ep7
Supernatural	15	2005–2020	5	14	My Bloody Valentine	11.02.2010	St. Valentine's Day	https://www.imdb.com/title/tt1588681/?ref_=ttep_ep14
Supernatural	15	2005–2020	11	13	Love Hurts	10.02.2016	St. Valentine's Day	https://www.imdb.com/title/tt5352054/?ref_=ttep_ep13
Supernatural	15	2005–2020	15	14	Last Holiday	8.10.2022	Thanksgiving	https://www.imdb.com/title/tt10717914/?ref_=ttep_ep14
Bones	12	2005–2017	1	9	The Man in the Fallout Shelter	13.12.2005	Christmas	https://www.imdb.com/title/tt0529896/?ref_=ttep_ep9
Bones	12	2005–2017	3	5	Mummy in the Maze	30.10.2007	Halloween	https://www.imdb.com/title/tt1117421/?ref_=ttep_ep5
Bones	12	2005–2017	3	9	The Santa in the Slush	27.10.2007	Christmas	https://www.imdb.com/title/tt1143231/?ref_=ttep_ep9
Bones	12	2005–2017	5	10	The Goop on the Girl	10.12.2009	Christmas	https://www.imdb.com/title/tt1541172/?ref_=ttep_ep10
Bones	12	2005–2017	11	8	High Treason in the Holiday Season	19.11.2015	Thanksgiving	https://www.imdb.com/title/tt5168236/?ref_=ttep_ep8
Smallville	10	2001–2011	5	9	Lexmas	8-Dec-2005	Christmas	https://www.imdb.com/title/tt0702974/?ref_=ttep_ep9
Smallville	10	2001–2011	7	9	Gemini	13-Dec-2007	Christmas	https://www.imdb.com/title/tt1032127/?ref_=ttep_ep9
House M.D.	8	2004–2012	1	5	Damned if You Do	14-Dec-2004	Christmas	https://www.imdb.com/title/tt0606018/?ref_=ttep_ep5
House M.D.	8	2004–2012	3	10	Merry Little Christmas	12-Dec-2006	Christmas	https://www.imdb.com/title/tt0882414/?ref_=ttep_ep10
House M.D.	8	2004–2012	3	14	Insensitive	13-Feb-2007	St. Valentine's Day	https://www.imdb.com/title/tt0917153/?ref_=ttep_ep14
House M.D.	8	2004–2012	4	10	It's a Wonderful Lie	29-Jan-2008	Christmas	https://www.imdb.com/title/tt1172357/?ref_=ttep_ep10
House M.D.	8	2004–2012	5	11	Joy to the World	9-Dec-2008	Christmas	https://www.imdb.com/title/tt1273714/?ref_=ttep_ep11
House M.D.	8	2004–2012	6	9	Ignorance is Bliss	23-Nov-2009	Thanksgiving	https://www.imdb.com/title/tt1503414/?ref_=ttep_ep8
Scrubs	9	2001–2010	1	9	My Day Off	20-Nov-2001	Thanksgiving	https://www.imdb.com/title/tt0696569/?ref_=ttep_ep9
Scrubs	9	2001–2010	1	11	My Own Personal Jesus	11-Dec-2001	Christmas	https://www.imdb.com/title/tt0696619/?ref_=ttep_ep11
Scrubs	9	2001–2010	4	12	My Best Moment	7-Dec-2004	Christmas	https://www.imdb.com/title/tt0696550/?ref_=ttep_ep12
Friends	10	1994–2004	1	9	The One Where Underdog Gets Away	17-Nov-1994	Thanksgiving	https://www.imdb.com/title/tt0583492/?ref_=ttep_ep9
Friends	10	1994–2004	1	14	The One with the Candy Hearts	9-Feb-1995	St. Valentine's Day	https://www.imdb.com/title/tt0583587/?ref_=ttep_ep14
Friends	10	1994–2004	2	9	The One with Phoebe’s Dad	14-Dec-1995	Christmas	https://www.imdb.com/title/tt0583537/?ref_=ttep_ep9
Friends	10	1994–2004	2	15	The One Where Ross and Rachel… You Know	8-Feb-1996	St. Valentine's Day	https://www.imdb.com/title/tt0583488/?ref_=ttep_ep15
Friends	10	1994–2004	3	9	The One with the Football	21-Nov-1996	Thanksgiving	https://www.imdb.com/title/tt0583607/?ref_=ttep_ep9
Friends	10	1994–2004	3	10	The One Where Rachel Quits	12-Dec-1996	Christmas	https://www.imdb.com/title/tt0583474/?ref_=ttep_ep10
Friends	10	1994–2004	3	15	The One Where Ross and Rachel Take a Break	13-Feb-1997	St. Valentine's Day	https://www.imdb.com/title/tt0583487/?ref_=ttep_ep15
Friends	10	1994–2004	4	8	The One with Chandler in a Box	20-Nov-1997	Thanksgiving	https://www.imdb.com/title/tt0583515/?ref_=ttep_ep8
Friends	10	1994–2004	4	10	The One with the Girl from Poughkeepsie	18-Dec-1997	Christmas	https://www.imdb.com/title/tt0583611/?ref_=ttep_ep10
Friends	10	1994–2004	5	8	The One with All the Thanksgivings	19-Nov-1998	Thanksgiving	https://www.imdb.com/title/tt0583652/?ref_=ttep_ep8
Friends	10	1994–2004	5	10	The One with the Inappropriate Sister	17-Dec-1998	Christmas	https://www.imdb.com/title/tt0583617/?ref_=ttep_ep10
Friends	10	1994–2004	5	14	The One Where Everybody Finds Out	11-Feb-1999	St. Valentine's Day	https://www.imdb.com/title/tt0583452/?ref_=ttep_ep14
Friends	10	1994–2004	6	9	The One Where Ross Got High	25-Nov-1999	Thanksgiving	https://www.imdb.com/title/tt0583482/?ref_=ttep_ep9
Friends	10	1994–2004	6	10	The One with the Routine	16-Dec-1999	Christmas	https://www.imdb.com/title/tt0583641/?ref_=ttep_ep10
Friends	10	1994–2004	6	17	The One With Unagi	24-Feb-2000	St. Valentine's Day	https://www.imdb.com/title/tt0583570/?ref_=ttep_ep17
Friends	10	1994–2004	7	8	The One Where Chandler Doesn't Like Dogs	23-Nov-2000	Thanksgiving	https://www.imdb.com/title/tt0583431/?ref_=ttep_ep8
Friends	10	1994–2004	7	10	The One with the Holiday Armadillo	14-Dec-2000	Christmas	https://www.imdb.com/title/tt0583613/?ref_=ttep_ep10
Friends	10	1994–2004	8	9	The One with the Rumor	22-Nov-2001	Thanksgiving	https://www.imdb.com/title/tt0583642/?ref_=ttep_ep9
Friends	10	1994–2004	8	11	The One with Ross's Step Forward	13-Dec-2001	Christmas	https://www.imdb.com/title/tt0583594/?ref_=ttep_ep11
Friends	10	1994–2004	8	15	The One With The Birthing Video	7-Feb-2002	St. Valentine's Day	https://www.imdb.com/title/tt0583578/?ref_=ttep_ep15
Friends	10	1994–2004	9	8	The One with Rachel's Other Sister	21-Nov-2002	Thanksgiving	https://www.imdb.com/title/tt0583553/?ref_=ttep_ep8
Friends	10	1994–2004	9	10	The One with Christmas in Tulsa	12-Dec-2002	Christmas	https://www.imdb.com/title/tt0583518/?ref_=ttep_ep10
Friends	10	1994–2004	10	8	The One with the Late Thanksgiving	20-Nov-2003	Thanksgiving	https://www.imdb.com/title/tt0583623/?ref_=ttep_ep8
Friends	10	1994–2004	10	12	The One with Phoebe's Wedding	12-Feb-2004	St. Valentine's Day	https://www.imdb.com/title/tt0583542/?ref_=ttep_ep12
Beverly Hills, 90210	10	1990–2000	2	13	Halloween	31-Oct-1991	Halloween	https://www.imdb.com/title/tt0522817/?ref_=ttep_ep13
Beverly Hills, 90210	10	1990–2000	2	18	A Walsh Family Christmas	19-Dec-1991	Christmas	https://www.imdb.com/title/tt0522728/?ref_=ttep_ep18
Beverly Hills, 90210	10	1990–2000	2	22	Baby Makes Five	13-Feb-1992	St. Valentine's Day	https://www.imdb.com/title/tt0522746/?ref_=ttep_ep22
Beverly Hills, 90210	10	1990–2000	3	15	The Kindness of Strangers	25-Nov-1992	Thanksgiving	https://www.imdb.com/title/tt0522955/?ref_=ttep_ep15
Beverly Hills, 90210	10	1990–2000	3	16	It's a Totally Happening Life	16-Dec-1992	Christmas	https://www.imdb.com/title/tt0522845/?ref_=ttep_ep16
Beverly Hills, 90210	10	1990–2000	4	12	Radar Love	24-Nov-1993	Thanksgiving	https://www.imdb.com/title/tt0522892/?ref_=ttep_ep12
Beverly Hills, 90210	10	1990–2000	4	15	Somewhere in the World It's Christmas	22-Dec-1993	Christmas	https://www.imdb.com/title/tt0522919/?ref_=ttep_ep15
Beverly Hills, 90210	10	1990–2000	5	8	Things That Go Bang in the Night	26-Oct-1994	Halloween	https://www.imdb.com/title/tt0522977/?ref_=ttep_ep8
Beverly Hills, 90210	10	1990–2000	5	15	Christmas Comes This Time Each Year	21-Dec-1994	Christmas	https://www.imdb.com/title/tt0522763/?ref_=ttep_ep15
Beverly Hills, 90210	10	1990–2000	5	20	You Gotta Have Heart	8-Feb-1995	St. Valentine's Day	https://www.imdb.com/title/tt0523004/?ref_=ttep_ep20
Beverly Hills, 90210	10	1990–2000	6	12	Breast Side Up	22-Nov-1995	Thanksgiving	https://www.imdb.com/title/tt0522755/?ref_=ttep_ep12
Beverly Hills, 90210	10	1990–2000	6	15	Angels We Have Heard on High	20-Dec-1995	Christmas	https://www.imdb.com/title/tt0522741/?ref_=ttep_ep15
Beverly Hills, 90210	10	1990–2000	6	16	Turn Back the Clock	3-Jan-1996	New Year	https://www.imdb.com/title/tt0522984/?ref_=ttep_ep16
Beverly Hills, 90210	10	1990–2000	6	21	Bleeding Hearts	14-Feb-1996	St. Valentine's Day	https://www.imdb.com/title/tt0522751/?ref_=ttep_ep21
Beverly Hills, 90210	10	1990–2000	7	7	Fearless	30-Oct-1996	Halloween	https://www.imdb.com/title/tt0522801/?ref_=ttep_ep7
Beverly Hills, 90210	10	1990–2000	7	13	Gift Wrapped	18-Dec-1996	Christmas	https://www.imdb.com/title/tt0522811/?ref_=ttep_ep13
Beverly Hills, 90210	10	1990–2000	7	19	My Funny Valentine	12-Feb-1997	St. Valentine's Day	https://www.imdb.com/title/tt0522872/?ref_=ttep_ep19
Beverly Hills, 90210	10	1990–2000	8	14	Santa Knows	17-Dec-1997	Christmas	https://www.imdb.com/title/tt0522903/?ref_=ttep_ep14
Beverly Hills, 90210	10	1990–2000	8	20	Cupid's Arrow	11-Feb-1998	St. Valentine's Day	https://www.imdb.com/title/tt0522776/?ref_=ttep_ep20
Beverly Hills, 90210	10	1990–2000	9	7	You Say Goodbye, I Say Hello	18-Nov-1998	Thanksgiving	https://www.imdb.com/title/tt0523005/?ref_=ttep_ep7
Beverly Hills, 90210	10	1990–2000	9	15	Beheading St. Valentine	10-Feb-1999	St. Valentine's Day	https://www.imdb.com/title/tt0522750/?ref_=ttep_ep15
Beverly Hills, 90210	10	1990–2000	10	10	What's in a Name	17-Nov-1999	Thanksgiving	https://www.imdb.com/title/tt0522996/?ref_=ttep_ep10
Beverly Hills, 90210	10	1990–2000	10	12	Nine Yolks Whipped Lightly	22-Dec-1999	Christmas	https://www.imdb.com/title/tt0522875/?ref_=ttep_ep12
Beverly Hills, 90210	10	1990–2000	10	16	The Final Proof	9-Feb-2000	St. Valentine's Day	https://www.imdb.com/title/tt0522946/?ref_=ttep_ep16
Grey’s Anatomy	19	2005– 	2	9	Thanks for the Memories	20-Nov-2005	Thanksgiving	https://www.imdb.com/title/tt0592922/?ref_=ttep_ep9
Grey’s Anatomy	19	2005– 	2	12	Grandma Got Run Over By a Reindeer	11-Dec-2005	Christmas	https://www.imdb.com/title/tt0592908/?ref_=ttep_ep12
Grey’s Anatomy	19	2005– 	4	5	Haunt You Every Day	25-Oct-2007	Halloween	https://www.imdb.com/title/tt1002885/?ref_=ttep_ep5
Grey’s Anatomy	19	2005– 	6	10	Holidaze	19-Nov-2009	Christmas	https://www.imdb.com/title/tt1497727/?ref_=ttep_ep10
Grey’s Anatomy	19	2005– 	6	14	Valentine's Day Massacre	11-Feb-2010	St. Valentine's Day	https://www.imdb.com/title/tt1595404/?ref_=ttep_ep14
Grey’s Anatomy	19	2005– 	7	10	Adrift and at Peace	2-Dec-2010	Christmas	https://www.imdb.com/title/tt1782086/?ref_=ttep_ep10
Grey’s Anatomy	19	2005– 	8	14	All You Need Is Love	9-Feb-2012	St. Valentine's Day	https://www.imdb.com/title/tt2187687/?ref_=ttep_ep14
Grey’s Anatomy	19	2005– 	10	7	Thriller	31-Oct-2013	Halloween	https://www.imdb.com/title/tt3240812/?ref_=ttep_ep7
Grey’s Anatomy	19	2005– 	15	12	Girlfriend in a Coma	7-Feb-2019	St. Valentine's Day	https://www.imdb.com/title/tt9212382/?ref_=ttep_ep12
Grey’s Anatomy	19	2005– 	16	6	Whistlin' Past the Graveyard	31-Oct-2019	Halloween	https://www.imdb.com/title/tt11102922/?ref_=ttep_ep6
Grey’s Anatomy	19	2005– 	18	6	Every Day Is a Holiday (With You)	18-Nov-2021	Thanksgiving	https://www.imdb.com/title/tt15856270/?ref_=ttep_ep6
Grey’s Anatomy	19	2005– 	18	8	It Came Upon a Midnight Clear	16-Dec-2021	Christmas	https://www.imdb.com/title/tt16274400/?ref_=ttep_ep8
Grey’s Anatomy	19	2005– 	19	4	Haunted	27-Oct-2022	Halloween	https://www.imdb.com/title/tt22529692/?ref_=ttep_ep4
How I met your mother	9	2005–2014	1	6	The Slutty Pumpkin	24-Oct-2005	Halloween	https://www.imdb.com/title/tt0606116/?ref_=ttep_ep6
How I met your mother	9	2005–2014	1	9	Belly Full of Turkey	21-Nov-2005	Thanksgiving	https://www.imdb.com/title/tt0606104/?ref_=ttep_ep9
How I met your mother	9	2005–2014	1	11	The Limo	19-Dec-2005	Christmas	https://www.imdb.com/title/tt0606114/?ref_=ttep_ep11
How I met your mother	9	2005–2014	2	11	How Lily Stole Christmas	11-Dec-2006	Christmas	https://www.imdb.com/title/tt0904645/?ref_=ttep_ep11
How I met your mother	9	2005–2014	3	9	Slapsgiving	19-Nov-2007	Thanksgiving	https://www.imdb.com/title/tt1142665/?ref_=ttep_ep9
How I met your mother	9	2005–2014	4	11	Little Minnesota	15-Dec-2008	Christmas	https://www.imdb.com/title/tt1256172/?ref_=ttep_ep11
How I met your mother	9	2005–2014	5	9	Slapsgiving 2: Revenge of the Slap	23-Nov-2009	Thanksgiving	https://www.imdb.com/title/tt1541288/?ref_=ttep_ep9
How I met your mother	9	2005–2014	6	10	Blitzgiving	22-Nov-2010	Thanksgiving	https://www.imdb.com/title/tt1777828/?ref_=ttep_ep10
How I met your mother	9	2005–2014	6	12	False Positive	13-Dec-2010	Christmas	https://www.imdb.com/title/tt1778997/?ref_=ttep_ep12
How I met your mother	9	2005–2014	6	16	Desperation Day	14-Feb-2011	St. Valentine's Day	https://www.imdb.com/title/tt1795958/?ref_=ttep_ep16
How I met your mother	9	2005–2014	7	8	The Slutty Pumpkin Returns	31-Oct-2011	Halloween	https://www.imdb.com/title/tt2072526/?ref_=ttep_ep8
How I met your mother	9	2005–2014	7	11	The Rebound Girl	21-Nov-2011	Thanksgiving	https://www.imdb.com/title/tt2108075/?ref_=ttep_ep11
How I met your mother	9	2005–2014	7	12	Symphony of Illumination	5-Dec-2011	Christmas	https://www.imdb.com/title/tt2121966/?ref_=ttep_ep12
How I met your mother	9	2005–2014	8	11	The Final Page: Part One	17-Dec-2012	Christmas	https://www.imdb.com/title/tt2556002/?ref_=ttep_ep11
How I met your mother	9	2005–2014	8	12	The Final Page: Part Two	17-Dec-2012	Christmas	https://www.imdb.com/title/tt2556008/?ref_=ttep_ep12
Seinfeld	9	1989–1998	3	12	The Red Dot	11-Dec-1991	Christmas	https://www.imdb.com/title/tt0697765/?ref_=ttep_ep12
Seinfeld	9	1989–1998	4	12	The Pick	16-Dec-1992	Christmas	https://www.imdb.com/title/tt0697752/?ref_=ttep_ep13
Seinfeld	9	1989–1998	6	8	The Mom and Pop Store	17-Nov-1994	Thanksgiving	https://www.imdb.com/title/tt0697733/?ref_=ttep_ep8
Seinfeld	9	1989–1998	7	10	The Gum	14-Dec-1995	Christmas	https://www.imdb.com/title/tt0697705/?ref_=ttep_ep10
Seinfeld	9	1989–1998	8	10	The Andrea Doria	19-Dec-1996	Christmas	https://www.imdb.com/title/tt0697649/?ref_=ttep_ep10
Seinfeld	9	1989–1998	9	10	The Strike	18-Dec-1997	Christmas	https://www.imdb.com/title/tt0697790/?ref_=ttep_ep10
Two and a Half Men	12	2003–2015	1	10	Merry Thanksgiving	24-Nov-2003	Thanksgiving	https://www.imdb.com/title/tt0735168/?ref_=ttep_ep11
Two and a Half Men	12	2003–2015	3	6	Hi, Mr. Horned One	24-Oct-2005	Halloween	https://www.imdb.com/title/tt0735157/?ref_=ttep_ep6
Two and a Half Men	12	2003–2015	3	11	Santa's Village of the Damned	19-Dec-2005	Christmas	https://www.imdb.com/title/tt0735175/?ref_=ttep_ep11
Two and a Half Men	12	2003–2015	4	11	Walnuts and Demerol	11-Dec-2006	Christmas	https://www.imdb.com/title/tt0908937/?ref_=ttep_ep11
Two and a Half Men	12	2003–2015	6	15	I'd Like to Start with the Cat	9-Feb-2009	St. Valentine's Day	https://www.imdb.com/title/tt1256406/?ref_=ttep_ep15
Two and a Half Men	12	2003–2015	7	11	Warning, It's Dirty	14-Dec-2009	Christmas	https://www.imdb.com/title/tt1558558/?ref_=ttep_ep11
Two and a Half Men	12	2003–2015	9	12	One False Move, Zimbabwe!	12-Dec-2011	Christmas	https://www.imdb.com/title/tt2133074/?ref_=ttep_ep12
Two and a Half Men	12	2003–2015	9	16	Sips, Sonnets and Sodomy	13-Feb-2012	St. Valentine's Day	https://www.imdb.com/title/tt2214415/?ref_=ttep_ep16
Two and a Half Men	12	2003–2015	10	11	Give Santa a Tail-Hole	13-Dec-2012	Christmas	https://www.imdb.com/title/tt2545360/?ref_=ttep_ep11
Two and a Half Men	12	2003–2015	10	16	Advantage: Fat, Flying Baby	14-Feb-2013	St. Valentine's Day	https://www.imdb.com/title/tt2710722/?ref_=ttep_ep16
Two and a Half Men	12	2003–2015	11	10	On Vodka, on Soda, on Blender, on Mixer!	12-Dec-2013	Christmas	https://www.imdb.com/title/tt3345456/?ref_=ttep_ep10
Two and a Half Men	12	2003–2015	12	1	The Ol' Mexican Spinach	30-Oct-2014	Halloween	https://www.imdb.com/title/tt3596118/?ref_=ttep_ep1
Two and a Half Men	12	2003–2015	12	8	Family, Buble, Deep-Fried Turkey	18-Dec-2014	Christmas	https://www.imdb.com/title/tt4281928/?ref_=ttep_ep8
It's Always Sunny in Philadelphia	18	2005– 	6	7	Who Got Dee Pregnant?	28-Oct-2010	Halloween	https://www.imdb.com/title/tt1636180/?ref_=ttep_ep7
It's Always Sunny in Philadelphia	18	2005– 	6	13	A Very Sunny Christmas	9-Dec-2010	Christmas	https://www.imdb.com/title/tt1478620/?ref_=ttep_ep13
It's Always Sunny in Philadelphia	18	2005– 	8	3	The Maureen Ponderosa Wedding Massacre	25-Oct-2012	Halloween	https://www.imdb.com/title/tt2377298/?ref_=ttep_ep3
It's Always Sunny in Philadelphia	18	2005– 	9	10	The Gang Squashes Their Beefs	6-Nov-2013	Thanksgiving	https://www.imdb.com/title/tt3247686/?ref_=ttep_ep10
It's Always Sunny in Philadelphia	18	2005– 	14	6	The Janitor Always Mops Twice	30-Oct-2019	Halloween	https://www.imdb.com/title/tt6362512/?ref_=ttep_ep6
Six Feet Under	5	2001–2005	2	8	It's the Most Wonderful Time of the Year	21-Apr-2002	Christmas	https://www.imdb.com/title/tt0702020/?ref_=ttep_ep8
Brooklyn Nine-Nine	8	2013–2021	1	6	Halloween	22-Oct-2013	Halloween	https://www.imdb.com/title/tt3176582/?ref_=ttep_ep6
Brooklyn Nine-Nine	8	2013–2021	1	10	Thanksgiving	26-Nov-2013	Thanksgiving	https://www.imdb.com/title/tt3267804/?ref_=ttep_ep10
Brooklyn Nine-Nine	8	2013–2021	1	11	Christmas Comes This Time Each Year	3-Dec-2013	Christmas	https://www.imdb.com/title/tt3277264/?ref_=ttep_ep11
Brooklyn Nine-Nine	8	2013–2021	2	4	Halloween II	19-Oct-2014	Halloween	https://www.imdb.com/title/tt3920290/?ref_=ttep_ep4
Brooklyn Nine-Nine	8	2013–2021	2	7	Lockdown	16-Nov-2014	Thanksgiving	https://www.imdb.com/title/tt4135098/?ref_=ttep_ep7
Brooklyn Nine-Nine	8	2013–2021	2	10	The Pontiac Bandit Returns	7-Dec-2014	Christmas	https://www.imdb.com/title/tt4195086/?ref_=ttep_ep10
Brooklyn Nine-Nine	8	2013–2021	3	5	Halloween III	25-Oct-2015	Halloween	https://www.imdb.com/title/tt4371304/?ref_=ttep_ep5
Brooklyn Nine-Nine	8	2013–2021	3	10	Yippie Kayak	13-Dec-2015	Christmas	https://www.imdb.com/title/tt4371314/?ref_=ttep_ep10
Brooklyn Nine-Nine	8	2013–2021	4	5	Halloween IV	18-Oct-2016	Halloween	https://www.imdb.com/title/tt6108218/?ref_=ttep_ep5
Brooklyn Nine-Nine	8	2013–2021	4	7	Mr. Santiago	22-Nov-2016	Thanksgiving	https://www.imdb.com/title/tt6213872/?ref_=ttep_ep7
Brooklyn Nine-Nine	8	2013–2021	4	10	Captain Latvia	13-Dec-2016	Christmas	https://www.imdb.com/title/tt6249350/?ref_=ttep_ep10
Brooklyn Nine-Nine	8	2013–2021	5	4	HalloVeen	17-Oct-2017	Halloween	https://www.imdb.com/title/tt7233026/?ref_=ttep_ep4
Brooklyn Nine-Nine	8	2013–2021	5	7	Two Turkeys	21-Nov-2017	Thanksgiving	https://www.imdb.com/title/tt7604970/?ref_=ttep_ep7
Gilmore Girls	7	2000–2007	1	10	Forgiveness and Stuff	21-Dec-2000	Christmas	https://www.imdb.com/title/tt0588141/?ref_=ttep_ep11
Gilmore Girls	7	2000–2007	2	10	The Bracebridge Dinner	11-Dec-2001	Christmas	https://www.imdb.com/title/tt0588200/?ref_=ttep_ep10
Gilmore Girls	7	2000–2007	3	9	A Deep Fried Korean Thanksgiving	26-Nov-2002	Thanksgiving	https://www.imdb.com/title/tt0588112/?ref_=ttep_ep9
Gilmore Girls	7	2000–2007	6	10	He's Slippin' 'Em Bread... Dig?	22-Nov-2005	Thanksgiving	https://www.imdb.com/title/tt0588146/?ref_=ttep_ep10
Gilmore Girls	7	2000–2007	6	15	A Vineyard Valentine	14-Feb-2006	St. Valentine's Day	https://www.imdb.com/title/tt0757486/?ref_=ttep_ep15
Gilmore Girls	7	2000–2007	7	10	Merry Fisticuffs	5-Dec-2006	Christmas	https://www.imdb.com/title/tt0894094/?ref_=ttep_ep10
Gilmore Girls	7	2000–2007	7	11	Santa's Secret Stuff	23-Jan-2007	Christmas	https://www.imdb.com/title/tt0901985/?ref_=ttep_ep11
The X-files	11	1993–2018	1	7	Ghost in the Machine	29-Oct-1993	Halloween	https://www.imdb.com/title/tt0751131/?ref_=ttep_ep7
The X-files	11	1993–2018	5	6	Christmas Carol	7-Dec-1997	Christmas	https://www.imdb.com/title/tt0751090/?ref_=ttep_ep6
The X-files	11	1993–2018	6	6	How the Ghosts Stole Christmas	13-Dec-1998	Christmas	https://www.imdb.com/title/tt0751138/?ref_=ttep_ep6
This Is Us	6	2016–2022	1	8	Pilgrim Rick	22-Nov-2016	Thanksgiving	https://www.imdb.com/title/tt6072390/?ref_=ttep_ep8
This Is Us	6	2016–2022	1	10	Last Christmas	6-Dec-2016	Christmas	https://www.imdb.com/title/tt6115034/?ref_=ttep_ep10
This Is Us	6	2016–2022	1	15	Jack Pearson's Son	14-Feb-2017	St. Valentine's Day	https://www.imdb.com/title/tt6142664/?ref_=ttep_ep15
This Is Us	6	2016–2022	2	6	The 20's	31-Oct-2017	Halloween	https://www.imdb.com/title/tt6439858/?ref_=ttep_ep6
This Is Us	6	2016–2022	3	8	Six Thanksgivings	20-Nov-2018	Thanksgiving	https://www.imdb.com/title/tt6439886/?ref_=ttep_ep8
This Is Us	6	2016–2022	4	9	So Long, Marianne	19-Nov-2019	Thanksgiving	https://www.imdb.com/title/tt10322318/?ref_=ttep_ep9
This Is Us	6	2016–2022	6	7	Taboo	8-Mar-2022	Thanksgiving	https://www.imdb.com/title/tt17073768/?ref_=ttep_ep7
Happy Days	11	1974–1984	2	6	Haunted	29-Oct-1974	Halloween	https://www.imdb.com/title/tt0596226/?ref_=ttep_ep6
Happy Days	11	1974–1984	2	11	Guess Who's Coming to Christmas	17-Dec-1974	Christmas	https://www.imdb.com/title/tt0596222/?ref_=ttep_ep11
Happy Days	11	1974–1984	5	6	Fonsillectomy	25-Oct-1977	Halloween	https://www.imdb.com/title/tt0596182/?ref_=ttep_ep6
Happy Days	11	1974–1984	5	20	Be My Valentine	14-Feb-1978	St. Valentine's Day	https://www.imdb.com/title/tt0596155/?ref_=ttep_ep20
Happy Days	11	1974–1984	6	9	The Evil Eye	31-Oct-1978	Halloween	https://www.imdb.com/title/tt0596328/?ref_=ttep_ep9
Happy Days	11	1974–1984	6	12	The First Thanksgiving	21-Nov-1978	Thanksgiving	https://www.imdb.com/title/tt0793881/?ref_=ttep_ep12
Happy Days	11	1974–1984	6	16	Christmas Time	19-Dec-1978	Christmas	https://www.imdb.com/title/tt0596171/?ref_=ttep_ep16
Happy Days	11	1974–1984	8	6	White Christmas	16-Dec-1980	Christmas	https://www.imdb.com/title/tt0793885/?ref_=ttep_ep6
Happy Days	11	1974–1984	10	10	All I Want for Christmas	14-Dec-1982	Christmas	https://www.imdb.com/title/tt0596147/?ref_=ttep_ep10
The Golden Girls	7	1985–1992	2	11	Twas the Nightmare Before Christmas	20-Dec-1986	Christmas	https://www.imdb.com/title/tt0589703/?ref_=ttep_ep11
The Golden Girls	7	1985–1992	4	15	Valentine's Day	11-Feb-1989	St. Valentine's Day	https://www.imdb.com/title/tt0589867/?ref_=ttep_ep15
The Golden Girls	7	1985–1992	5	12	Have Yourself a Very Little Christmas	16-Dec-1989	Christmas	https://www.imdb.com/title/tt0589756/?ref_=ttep_ep12
Murder, She Wrote	12	1984–1996	9	9	A Christmas Secret	13-Dec-1992	Christmas	https://www.imdb.com/title/tt0653442/?ref_=ttep_ep9
Ted Lasso	2	2020–	2	4	Carol of the Bells	13-Aug-2021	Christmas	https://www.imdb.com/title/tt14968638/?ref_=ttep_ep4
Glee	6	2009–2015	2	5	The Rocky Horror Glee Show	26-Oct-2010	Halloween	https://www.imdb.com/title/tt1628295/?ref_=ttep_ep5
Glee	6	2009–2015	2	10	A Very Glee Christmas	7-Dec-2010	Christmas	https://www.imdb.com/title/tt1628280/?ref_=ttep_ep10
Glee	6	2009–2015	2	12	Silly Love Songs	8-Feb-2011	St. Valentine's Day	https://www.imdb.com/title/tt1628281/?ref_=ttep_ep12
Glee	6	2009–2015	3	9	Extraordinary Merry Christmas	13-Dec-2011	Christmas	https://www.imdb.com/title/tt2001513/?ref_=ttep_ep9
Glee	6	2009–2015	3	13	Heart	14-Feb-2012	St. Valentine's Day	https://www.imdb.com/title/tt2001496/?ref_=ttep_ep13
Glee	6	2009–2015	4	8	Thanksgiving	29-Nov-2012	Thanksgiving	https://www.imdb.com/title/tt2403621/?ref_=ttep_ep8
Glee	6	2009–2015	4	10	Glee, Actually	13-Dec-2012	Christmas	https://www.imdb.com/title/tt2403583/?ref_=ttep_ep10
Glee	6	2009–2015	4	14	I Do	14-Feb-2013	St. Valentine's Day	https://www.imdb.com/title/tt2403591/?ref_=ttep_ep14
Glee	6	2009–2015	5	8	Previously Unaired Christmas	5-Dec-2013	Christmas	https://www.imdb.com/title/tt3314390/?ref_=ttep_ep8
Buffy the Vampire Slayer	7	1997–2003	2	6	Halloween	27-Oct-1997	Halloween	https://www.imdb.com/title/tt0533437/?ref_=ttep_ep6
Buffy the Vampire Slayer	7	1997–2003	2	16	Bewitched, Bothered and Bewildered	10-Feb-1998	St. Valentine's Day	https://www.imdb.com/title/tt0533401/?ref_=ttep_ep16
Buffy the Vampire Slayer	7	1997–2003	3	10	Amends	15-Dec-1998	Christmas	https://www.imdb.com/title/tt0533387/?ref_=ttep_ep10
Buffy the Vampire Slayer	7	1997–2003	4	4	Fear Itself	26-Oct-1999	Halloween	https://www.imdb.com/title/tt0533424/?ref_=ttep_ep4
Buffy the Vampire Slayer	7	1997–2003	4	8	Pangs	23-Nov-1999	Thanksgiving	https://www.imdb.com/title/tt0533469/?ref_=ttep_ep8
Downton Abbey	6	2010–2015	2	9	Christmas at Downton Abbey	25-Dec-2011	Christmas	https://www.imdb.com/title/tt2013429/?ref_=ttep_ep9
Downton Abbey	6	2010–2015	3	9	A Journey to the Highlands	25-Dec-2012	Christmas	https://www.imdb.com/title/tt2385306/?ref_=ttep_ep9
Downton Abbey	6	2010–2015	5	9	A Moorland Holiday	25-Dec-2014	Christmas	https://www.imdb.com/title/tt3962976/?ref_=tt_mv_close
Downton Abbey	6	2010–2015	6	9	Christmas Special	25-Dec-2015	Christmas	https://www.imdb.com/title/tt4419112/?ref_=ttep_ep9
Mad Men	7	2007–2015	2	1	For Those Who Think Young	27-Jul-2008	St. Valentine's Day	https://www.imdb.com/title/tt1118051/?ref_=ttep_ep1
Mad Men	7	2007–2015	4	2	Christmas Comes But Once a Year	1-Aug-2010	Christmas	https://www.imdb.com/title/tt1615661/?ref_=ttep_ep2
Mad Men	7	2007–2015	5	10	Christmas Waltz	20-May-2012	Christmas	https://www.imdb.com/title/tt2049164/?ref_=ttep_ep10
Mad Men	7	2007–2015	6	1	The Doorway, Part 1	7-Apr-2013	Christmas	https://www.imdb.com/title/tt2470504/?ref_=ttep_ep1
Mad Men	7	2007–2015	6	2	The Doorway, Part 2	7-Apr-2013	Christmas	https://www.imdb.com/title/tt2649564/?ref_=ttep_ep2
Everybody Loves Raymond	9	1996–2005	1	10	Turkey or Fish	22-Nov-1996	Thanksgiving	https://www.imdb.com/title/tt0574269/?ref_=ttep_ep10
Everybody Loves Raymond	9	1996–2005	1	12	The Ball	20-Dec-1996	Christmas	https://www.imdb.com/title/tt0574236/?ref_=ttep_ep12
Everybody Loves Raymond	9	1996–2005	2	12	All I Want for Christmas	15, Dec 1997	Christmas	https://www.imdb.com/title/tt0574128/?ref_=ttep_ep12
Everybody Loves Raymond	9	1996–2005	3	6	Halloween Candy	26-Oct-1998	Halloween	https://www.imdb.com/title/tt0574169/?ref_=ttep_ep6
Everybody Loves Raymond	9	1996–2005	3	10	No Fat	23-Nov-1998	Thanksgiving	https://www.imdb.com/title/tt0574198/?ref_=ttep_ep10
Everybody Loves Raymond	9	1996–2005	3	12	The Toaster	14-Dec-1998	Christmas	https://www.imdb.com/title/tt0574263/?ref_=ttep_ep12
Everybody Loves Raymond	9	1996–2005	4	9	No Thanks	22-Nov-1999	Thanksgiving	https://www.imdb.com/title/tt0763152/?ref_=ttep_ep9
Everybody Loves Raymond	9	1996–2005	4	11	The Christmas Picture	13-Dec-1999	Christmas	https://www.imdb.com/title/tt0574240/?ref_=ttep_ep11
Everybody Loves Raymond	9	1996–2005	4	16	The Tenth Anniversary	14-Feb-2000	St. Valentine's Day	https://www.imdb.com/title/tt0574262/?ref_=ttep_ep16
Everybody Loves Raymond	9	1996–2005	5	9	Fighting In-Laws	20-Nov-2000	Thanksgiving	https://www.imdb.com/title/tt0574161/?ref_=ttep_ep9
Everybody Loves Raymond	9	1996–2005	5	11	Christmas Present	11-Dec-2000	Christmas	https://www.imdb.com/title/tt0764383/?ref_=ttep_ep11
Everybody Loves Raymond	9	1996–2005	6	9	Older Women	19-Nov-2001	Thanksgiving	https://www.imdb.com/title/tt0574201/?ref_=ttep_ep9
Everybody Loves Raymond	9	1996–2005	6	12	Season's Greetings	17-Dec-2001	Christmas	https://www.imdb.com/title/tt0764399/?ref_=ttep_ep12
Everybody Loves Raymond	9	1996–2005	7	11	The Thought That Counts	9-Dec-2002	Christmas	https://www.imdb.com/title/tt0764420/?ref_=ttep_ep11
Everybody Loves Raymond	9	1996–2005	8	9	The Bird	24-Nov-2003	Thanksgiving	https://www.imdb.com/title/tt0574237/?ref_=ttep_ep9
Everybody Loves Raymond	9	1996–2006	8	10	Jazz Records	15-Dec-2003	Christmas	https://www.imdb.com/title/tt0764390/?ref_=ttep_ep10
Everybody Hates Chris	4	2005–2009	1	6	Everybody Hates Halloween	27-Oct-2005	Halloween	https://www.imdb.com/title/tt0574116/?ref_=ttep_ep6
Everybody Hates Chris	4	2005–2009	1	11	Everybody Hates Christmas	15-Dec-2005	Christmas	https://www.imdb.com/title/tt0574108/?ref_=ttep_ep11
Everybody Hates Chris	4	2005–2009	1	14	Everybody Hates Valentine's Day	9-Feb-2006	St. Valentine's Day	https://www.imdb.com/title/tt0574119/?ref_=ttep_ep14
Everybody Hates Chris	4	2005–2009	2	8	Everybody Hates Thanksgiving	20-Nov-2006	Thanksgiving	https://www.imdb.com/title/tt0857864/?ref_=ttep_ep8
Everybody Hates Chris	4	2005–2009	2	10	Everybody Hates Kris	11-Dec-2006	Christmas	https://www.imdb.com/title/tt0916925/?ref_=ttep_ep10
Everybody Hates Chris	4	2005–2009	3	10	Everybody Hates Kwanzaa	10-Dec-2007	Christmas	https://www.imdb.com/title/tt1032060/?ref_=ttep_ep10
Everybody Hates Chris	4	2005–2009	4	10	Everybody Hates New Year's Eve	12-Dec-2008	New Year	https://www.imdb.com/title/tt1336526/?ref_=ttep_ep10
Evening Shade	4	1990–1994	1	11	The Wood Who Stole Christmas	17-Dec-1990	Christmas	https://www.imdb.com/title/tt0935401/?ref_=ttep_ep11
Evening Shade	4	1990–1994	2	10	The Thanksgiving Show	25-Nov-1991	Thanksgiving	https://www.imdb.com/title/tt0935399/?ref_=ttep_ep10
Evening Shade	4	1990–1994	3	12	I'll Be Home for Christmas	21-Dec-1992	Christmas	https://www.imdb.com/title/tt0935375/?ref_=ttep_ep12
Evening Shade	4	1990–1994	4	6	Night of the Living Newtons	25-Oct-1993	Halloween	https://www.imdb.com/title/tt0573977/?ref_=ttep_ep6
Ellen	5	1994–1998	2	12	The Christmas Show	14-Dec-1994	Christmas	https://www.imdb.com/title/tt0570062/?ref_=ttep_ep12
Ellen	5	1994–1998	3	6	Trick or Treat - Who Cares?	1-Nov-1995	Halloween	https://www.imdb.com/title/tt0570094/?ref_=ttep_ep6
Ellen	5	1994–1998	3	12	Do You Fear What I Fear?	20-Dec-1995	Christmas	https://www.imdb.com/title/tt0570007/?ref_=ttep_ep12
Ellen	5	1994–1998	4	10	Kiss My Bum	27-Nov-1996	Thanksgiving	https://www.imdb.com/title/tt0570036/?ref_=ttep_ep10
Ellen	5	1994–1998	4	12	Fleas Navidad	18-Nov-1996	Christmas	https://www.imdb.com/title/tt0570019/?ref_=ttep_ep12
Full House	8	1987–1995	1	9	The Miracle of Thanksgiving	20-Nov-1987	Thanksgiving	https://www.imdb.com/title/tt0584227/?ref_=ttep_ep10
Full House	8	1987–1995	2	9	Our Very First Christmas Show	16-Dec-1988	Christmas	https://www.imdb.com/title/tt0584185/?ref_=ttep_ep9
Full House	8	1987–1995	2	14	Little Shop of Sweaters	10-Feb-1989	St. Valentine's Day	https://www.imdb.com/title/tt0584165/?ref_=ttep_ep14
Full House	8	1987–1995	4	13	Happy New Year	28-Dec-1990	New Year	https://www.imdb.com/title/tt0584149/?ref_=ttep_ep13
Full House	8	1987–1995	6	12	A Very Tanner Christmas	15-Dec-1992	Christmas	https://www.imdb.com/title/tt0776056/?ref_=ttep_ep12
Full House	8	1987–1995	8	11	Arrest Ye Merry Gentlemen	13-Dec-1994	Christmas	https://www.imdb.com/title/tt0584102/?ref_=ttep_ep11
Full House	8	1987–1995	8	17	Dateless in San Francisco	14-Feb-1995	St. Valentine's Day	https://www.imdb.com/title/tt0584127/?ref_=ttep_ep17
Grace Under Fire	5	1993–1998	1	11	Keeping Faith	15-Dec-1993	Christmas	https://www.imdb.com/title/tt0591729/?ref_=ttep_ep11
Grace Under Fire	5	1993–1998	1	16	Valentine's Day	9-Feb-1994	St. Valentine's Day	https://www.imdb.com/title/tt0591774/?ref_=ttep_ep16
Grace Under Fire	5	1993–1998	2	9	Cold Turkey	22-Nov-1994	Thanksgiving	https://www.imdb.com/title/tt0591684/?ref_=ttep_ep9
Grace Under Fire	5	1993–1998	2	12	The Holidays	13-Dec-1994	Christmas	https://www.imdb.com/title/tt0591767/?ref_=ttep_ep12
Grace Under Fire	5	1993–1998	3	5	Grace Under a Wig	18-Oct-1995	Halloween	https://www.imdb.com/title/tt0591709/?ref_=ttep_ep5
Grace Under Fire	5	1993–1998	3	9	Thanks for Nothing	22-Nov-1995	Thanksgiving	https://www.imdb.com/title/tt0789450/?ref_=ttep_ep9
Grace Under Fire	5	1993–1998	3	12	Emmet, We Hardly Knew Ye	20-Dec-1995	Christmas	https://www.imdb.com/title/tt0591694/?ref_=ttep_ep12
Grace Under Fire	5	1993–1998	4	6	The Ghost and Mrs. Kelly	30-Oct-1996	Halloween	https://www.imdb.com/title/tt0591764/?ref_=ttep_ep6
Grace Under Fire	5	1993–1998	4	12	A Holly Jolly Christmas	18-Dec-1996	Christmas	https://www.imdb.com/title/tt0591677/?ref_=ttep_ep12
Grace Under Fire	5	1993–1998	5	4	Mother Christmas	16-Dec-1997	Christmas	https://www.imdb.com/title/tt0591736/?ref_=ttep_ep4
Gossip Girl	6	2007–2012	1	9	Blair Waldorf Must Pie!	28-Nov-2007	Thanksgiving	https://www.imdb.com/title/tt1036074/?ref_=ttep_ep9
Gossip Girl	6	2007–2012	1	11	Roman Holiday	19-Dec-2007	Christmas	https://www.imdb.com/title/tt1036064/?ref_=ttep_ep11
Gossip Girl	6	2007–2012	2	11	The Magnificent Archibalds		Thanksgiving	https://www.imdb.com/title/tt1266846/?ref_=ttep_ep11
Gossip Girl	6	2007–2012	3	11	The Treasure of Serena Madre	30-Nov-2009	Thanksgiving	https://www.imdb.com/title/tt1548668/?ref_=ttep_ep11
Gossip Girl	6	2007–2012	5	15	Crazy, Cupid, Love		St. Valentine's Day	https://www.imdb.com/title/tt1979711/?ref_=ttep_ep15
Gossip Girl	6	2007–2012	6	8	It's Really Complicated	3-Dec-2012	Thanksgiving	https://www.imdb.com/title/tt2461452/?ref_=ttep_ep8
Gimme a Break!	6	1981–1987	3	10	A Kanisky Christmas	Dec 22, 1983	Christmas	https://www.imdb.com/title/tt0879030/?ref_=ttep_ep10
Gimme a Break!	6	1981–1987	3	16	Valentine	9-Feb-1984	St. Valentine's Day	https://www.imdb.com/title/tt0879052/?ref_=ttep_ep16
Gimme a Break!	6	1981–1987	4	13	The Spirit of Christmas	Dec 22, 1984	Christmas	https://www.imdb.com/title/tt0588310/?ref_=ttep_ep13
Gimme a Break!	6	1981–1987	5	13	Snippets	14-Dec-1985	Christmas	https://www.imdb.com/title/tt0879041/?ref_=ttep_ep13
Gimme a Break!	6	1981–1987	6	12	Christmas in New York	10-Dec-1986	Christmas	https://www.imdb.com/title/tt0879026/?ref_=ttep_ep12
George Lopez	6	2002–2007	2	4	Halloween Cheer	23-Oct-2002	Halloween	https://www.imdb.com/title/tt0587218/?ref_=ttep_ep4
George Lopez	6	2002–2007	2	11	Meet the Cuban Parents	11-Dec-2002	Christmas	https://www.imdb.com/title/tt0587228/?ref_=ttep_ep11
George Lopez	6	2002–2007	2	14	The Valentine's Day Massacre	5-Feb-2003	St. Valentine's Day	https://www.imdb.com/title/tt0587249/?ref_=ttep_ep14
George Lopez	6	2002–2007	3	10	Would You Like a Drumstick or a Kidney?	21-Nov-2003	Thanksgiving	https://www.imdb.com/title/tt0587256/?ref_=ttep_ep10
George Lopez	6	2002–2007	3	12	Christmas Punch	12-Dec-2003	Christmas	https://www.imdb.com/title/tt0587182/?ref_=ttep_ep12
George Lopez	6	2002–2007	4	10	A Clear and Presentless Danger	14-Dec-2004	Christmas	https://www.imdb.com/title/tt0587174/?ref_=ttep_ep10
George Lopez	6	2002–2007	5	5	Trick or Treat Me Right	26-Oct-2005	Halloween	https://www.imdb.com/title/tt0759131/?ref_=ttep_ep5
George Lopez	6	2002–2007	5	11	George Is Being Elfish and Christ-misses His Family	14-Dec-2005	Christmas	https://www.imdb.com/title/tt0759127/?ref_=ttep_ep11
Hope & Faith	3	2003–2006	1	9	Phone Home for the Holidays	21-Nov-2003	Thanksgiving	https://www.imdb.com/title/tt0604839/?ref_=ttep_ep10
Hope & Faith	3	2003–2006	1	11	Silent Night, Opening Night	12-Dec-2003	Christmas	https://www.imdb.com/title/tt0604844/?ref_=ttep_ep12
Hope & Faith	3	2003–2006	1	15	Mismatch	13-Feb-2004	St. Valentine's Day	https://www.imdb.com/title/tt0604833/?ref_=ttep_ep16
Hope & Faith	3	2003–2006	2	5	Faith Scare-Field	29-Oct-2004	Halloween	https://www.imdb.com/title/tt0604817/?ref_=ttep_ep5
Hope & Faith	3	2003–2006	2	10	9021-Uh-Oh	26-Nov-2004	Thanksgiving	https://www.imdb.com/title/tt0604798/?ref_=ttep_ep10
Hope & Faith	3	2003–2006	2	12	Aru-Bah Humbug	17-Dec-2004	Christmas	https://www.imdb.com/title/tt0604804/?ref_=ttep_ep12
Hope & Faith	3	2003–2006	3	6	The Halloween Party	28-Oct-2005	Halloween	https://www.imdb.com/title/tt0604851/?ref_=ttep_ep6
Hope & Faith	3	2003–2006	3	11	Christmas Time	13-Dec-2005	Christmas	https://www.imdb.com/title/tt0604811/?ref_=ttep_ep11
Home Improvement	8	1991–1999	1	12	Yule Better Watch Out	17-Dec-1991	Christmas	https://www.imdb.com/title/tt0603593/?ref_=ttep_ep12
Home Improvement	8	1991–1999	1	18	Baby, It's Cold Outside	18-Feb-1992	St. Valentine's Day	https://www.imdb.com/title/tt0603427/?ref_=ttep_ep18
Home Improvement	8	1991–1999	2	6	Haunting of Taylor House	28-Oct-1992	Halloween	https://www.imdb.com/title/tt0603470/?ref_=ttep_ep6
Home Improvement	8	1991–1999	2	12	I'm Scheming of a White Christmas	16-Dec-1992	Christmas	https://www.imdb.com/title/tt0603479/?ref_=ttep_ep12
Home Improvement	8	1991–1999	3	6	Crazy for You	27-Oct-1993	Halloween	https://www.imdb.com/title/tt0603447/?ref_=ttep_ep6
Home Improvement	8	1991–1999	3	10	A Frozen Moment	24-Nov-1993	Christmas	https://www.imdb.com/title/tt0603407/?ref_=ttep_ep10
Home Improvement	8	1991–1999	3	12	Twas the Blight Before Christmas	15-Dec-1993	Christmas	https://www.imdb.com/title/tt0603404/?ref_=ttep_ep12
Home Improvement	8	1991–1999	4	6	Borland Ambition	25-Oct-1994	Halloween	https://www.imdb.com/title/tt0603437/?ref_=ttep_ep6
Home Improvement	8	1991–1999	4	12	Twas the Night Before Chaos	13-Dec-1994	Christmas	https://www.imdb.com/title/tt0603406/?ref_=ttep_ep12
Home Improvement	8	1991–1999	5	12	Twas the Flight Before Christmas	12-Dec-1995	Christmas	https://www.imdb.com/title/tt0603405/?ref_=ttep_ep12
Home Improvement	8	1991–1999	6	7	I Was a Teenage Taylor	29-Oct-1996	Halloween	https://www.imdb.com/title/tt0603478/?ref_=ttep_ep7
Home Improvement	8	1991–1999	6	10	The Wood, the Bad and the Hungry	26-Nov-1996	Thanksgiving	https://www.imdb.com/title/tt0603566/?ref_=ttep_ep10
Home Improvement	8	1991–1999	6	12	No Place Like Home	17-Dec-1996	Christmas	https://www.imdb.com/title/tt0603507/?ref_=ttep_ep12
Home Improvement	8	1991–1999	6	16	A Funny Valentine	11-Feb-1997	St. Valentine's Day	https://www.imdb.com/title/tt0603408/?ref_=ttep_ep16
Home Improvement	8	1991–1999	7	9	Thanksgiving	25-Nov-1997	Thanksgiving	https://www.imdb.com/title/tt0603542/?ref_=ttep_ep9
Home Improvement	8	1991–1999	7	11	Bright Christmas	16-Dec-1997	Christmas	https://www.imdb.com/title/tt0603438/?ref_=ttep_ep11
Home Improvement	8	1991–1999	8	6	Bewitched	27-Oct-1998	Halloween	https://www.imdb.com/title/tt0603433/?ref_=ttep_ep6
Home Improvement	8	1991–1999	8	11	Home for the Holidays	8-Dec-1998	Christmas	https://www.imdb.com/title/tt0603476/?ref_=ttep_ep11
Happy Endings	3	2011–2020	2	5	Spooky Endings	26-Oct-2011	Halloween	https://www.imdb.com/title/tt2040859/?ref_=ttep_ep5
Happy Endings	3	2011–2020	2	9	Grinches Be Crazy	7-Dec-2011	Christmas	https://www.imdb.com/title/tt2040863/?ref_=ttep_ep9
Happy Endings	3	2011–2020	2	13	The St. Valentine's Day Maxssacre	8-Feb-2012	St. Valentine's Day	https://www.imdb.com/title/tt2040856/?ref_=ttep_ep13
Happy Endings	3	2011–2020	3	4	More Like Stanksgiving	18-Nov-2012	Thanksgiving	https://www.imdb.com/title/tt2398476/?ref_=ttep_ep4
Happy Endings	3	2011–2020	3	7	No-Ho-Ho	18-Dec-2012	Christmas	https://www.imdb.com/title/tt2455616/?ref_=ttep_ep7
Hangin' with Mr. Cooper	5	1992–1997	1	10	Miracle in Oaktown	15-Dec-1992	Christmas	https://www.imdb.com/title/tt0595869/?ref_=ttep_ep10
Hangin' with Mr. Cooper	5	1992–1997	1	15	Valentine's Day Massacre	9-Feb-1993	St. Valentine's Day	https://www.imdb.com/title/tt0595918/?ref_=ttep_ep15
Hangin' with Mr. Cooper	5	1992–1997	2	11	Santa's Got a Brand New Bag	10-Dec-1993	Christmas	https://www.imdb.com/title/tt0595889/?ref_=ttep_ep11
Hangin' with Mr. Cooper	5	1992–1997	3	12	Christmas Show	16-Dec-1994	Christmas	https://www.imdb.com/title/tt0595833/?ref_=ttep_ep12
Hangin' with Mr. Cooper	5	1992–1997	4	5	Halloween	27-Oct-1995	Halloween	https://www.imdb.com/title/tt0595851/?ref_=ttep_ep5
Hangin' with Mr. Cooper	5	1992–1997	4	11	Christmas '95	15-Dec-1995	Christmas	https://www.imdb.com/title/tt0595832/?ref_=ttep_ep11
Cheers	11	1982–1993	3	4	Fairy Tales Can Come True	25-Oct-1984	Halloween	https://www.imdb.com/title/tt0539742/?ref_=ttep_ep4
Cheers	11	1982–1993	5	5	House of Horrors with Formal Dining and Used Brick	30-Oct-1986	Halloween	https://www.imdb.com/title/tt0789376/?ref_=ttep_ep5
Cheers	11	1982–1993	5	9	Thanksgiving Orphans	27-Nov-1986	Thanksgiving	https://www.imdb.com/title/tt0539876/?ref_=ttep_ep9
Cheers	11	1982–1993	6	12	Christmas Cheers	17-Dec-1987	Christmas	https://www.imdb.com/title/tt0539713/?ref_=ttep_ep12
Cheers	11	1982–1993	10	7	Bar Wars V: The Final Judgement	31-Oct-1991	Halloween	https://www.imdb.com/title/tt0539699/?ref_=ttep_ep7
Cheers	11	1982–1993	11	11	Love Me, Love My Car	17-Dec-1992	Christmas	https://www.imdb.com/title/tt0539799/?ref_=ttep_ep11
Caroline in the City	4	1995–1999	1	8	Caroline and the Balloon	16-Nov-1995	Thanksgiving	https://www.imdb.com/title/tt0536729/?ref_=ttep_ep8
Caroline in the City	4	1995–1999	1	10	Caroline and the Christmas Break	14-Dec-1995	Christmas	https://www.imdb.com/title/tt0536742/?ref_=ttep_ep10
Caroline in the City	4	1995–1999	2	11	Caroline and the Freight King	17-Dec-1996	Christmas	https://www.imdb.com/title/tt0536760/?ref_=ttep_ep11
Caroline in the City	4	1995–1999	3	11	Caroline and the Used Car Salesman	8-Dec-1997	Christmas	https://www.imdb.com/title/tt0536806/?ref_=ttep_ep11
Caroline in the City	4	1995–1999	3	12	Caroline and the Decanter	15-Dec-1997	Christmas	https://www.imdb.com/title/tt0536750/?ref_=ttep_ep12
Caroline in the City	4	1995–1999	4	5	Caroline and the First Date	26-Oct-1998	Halloween	https://www.imdb.com/title/tt1099339/?ref_=ttep_ep5
Caroline in the City	4	1995–1999	4	11	Caroline and the Fright Before Christmas	21-Dec-1998	Christmas	https://www.imdb.com/title/tt0536761/?ref_=ttep_ep11
The Jamie Foxx Show	5	1996–2001	1	8	Kiss & Tell	30-Oct-1996	Halloween	https://www.imdb.com/title/tt0614365/?ref_=ttep_ep8
The Jamie Foxx Show	5	1996–2001	1	12	A Thanksgiving to Remember	27-Nov-1996	Thanksgiving	https://www.imdb.com/title/tt0614316/?ref_=ttep_ep12
The Jamie Foxx Show	5	1996–2001	2	7	Misery Loves Company	26-Oct-1997	Halloween	https://www.imdb.com/title/tt0614369/?ref_=ttep_ep7
The Jamie Foxx Show	5	1996–2001	3	10	Christmas Day-Ja Vu	17-Dec-1998	Christmas	https://www.imdb.com/title/tt0614329/?ref_=ttep_ep10
The Jeffersons	11	1975–1985	3	12	The Christmas Wedding	22-Dec-1976	Christmas	https://www.imdb.com/title/tt0614968/?ref_=ttep_ep12
The Jeffersons	11	1975–1985	4	15	984 W. 124th Street, Apt. 5C	24-Dec-1977	Christmas	https://www.imdb.com/title/tt0614792/?ref_=ttep_ep15
The Jeffersons	11	1975–1985	5	12	George Finds a Father	20-Dec-1978	Christmas	https://www.imdb.com/title/tt0614845/?ref_=ttep_ep12
The Jeffersons	11	1975–1985	6	4	Now You See It, Now You Don't: Part 1	21-Oct-1979	Halloween	https://www.imdb.com/title/tt0614940/?ref_=ttep_ep4
The Jeffersons	11	1975–1985	6	5	Now You See It, Now You Don't: Part 2	28-Oct-1979	Halloween	https://www.imdb.com/title/tt0614941/?ref_=tt_mv_close
The Jeffersons	11	1975–1985	7	8	All I Want for Christmas	21-Dec-1980	Christmas	https://www.imdb.com/title/tt0614807/?ref_=ttep_ep8
The Jeffersons	11	1975–1985	10	10	Father Christmas	11-Dec-1983	Christmas	https://www.imdb.com/title/tt0614833/?ref_=ttep_ep10
Joey	2	2004–2006	1	12	Joey and the Plot Twist	9-Dec-2004	Christmas	https://www.imdb.com/title/tt0616310/?ref_=ttep_ep12
Joey	2	2004–2006	1	17	Joey and the Valentine's Date	10-Feb-2005	St. Valentine's Day	https://www.imdb.com/title/tt0616323/?ref_=ttep_ep17
Joey	2	2004–2006	2	10	Joey and the Bachelor Thanksgiving	24-Nov-2005	Thanksgiving	https://www.imdb.com/title/tt0616290/?ref_=ttep_ep10
Joey	2	2004–2006	2	13	Joey and the Christmas Party	15-Dec-2005	Christmas	https://www.imdb.com/title/tt0616296/?ref_=ttep_ep13
Just Shoot Me!	7	1997–2003	2	9	Jesus, It's Christmas	16-Dec-1997	Christmas	https://www.imdb.com/title/tt0617920/?ref_=ttep_ep9
Just Shoot Me!	7	1997–2003	3	3	The Mask	27-Oct-1998	Halloween	https://www.imdb.com/title/tt0617986/?ref_=ttep_ep3
Just Shoot Me!	7	1997–2003	3	10	How the Finch Stole Christmas	15-Dec-1998	Christmas	https://www.imdb.com/title/tt0617913/?ref_=ttep_ep10
Just Shoot Me!	7	1997–2003	5	7	The First Thanksgiving	23-Nov-2000	Thanksgiving	https://www.imdb.com/title/tt0617978/?ref_=ttep_ep7
Just Shoot Me!	7	1997–2003	6	9	Christmas? Christmas!	13-Dec-2001	Christmas	https://www.imdb.com/title/tt0617882/?ref_=ttep_ep9
Just Shoot Me!	7	1997–2003	7	4	Halloween? Halloween!	29-Oct-2002	Halloween	https://www.imdb.com/title/tt0617907/?ref_=ttep_ep4
Kate & Allie	6	1984–1989	2	11	New Year's Eve	31-Dec-1984	New Year	https://www.imdb.com/title/tt0793934/?ref_=ttep_ep11
Kate & Allie	6	1984–1989	3	8	Thanksgiving	25-Nov-1985	Thanksgiving	https://www.imdb.com/title/tt0618760/?ref_=ttep_ep8
Kate & Allie	6	1984–1989	4	6	Halloween II	27-Oct-1986	Halloween	https://www.imdb.com/title/tt0618721/?ref_=ttep_ep6
Kate & Allie	6	1984–1989	5	12	The Nightmare Before Christmas	14-Dec-1987	Christmas	https://www.imdb.com/title/tt0618774/?ref_=ttep_ep12
The King of Queens	9	1998–2007	1	10	Supermarket Story	23-Nov-1998	Thanksgiving	https://www.imdb.com/title/tt0620161/?ref_=ttep_ep10
The King of Queens	9	1998–2007	1	11	Noel Cowards	14-Dec-1998	Christmas	https://www.imdb.com/title/tt0620117/?ref_=ttep_ep11
The King of Queens	9	1998–2007	1	16	S'ain't Valentine's	8-Feb-1999	St. Valentine's Day	https://www.imdb.com/title/tt0620143/?ref_=ttep_ep16
The King of Queens	9	1998–2007	2	10	Roamin' Holiday	22-Nov-1999	Thanksgiving	https://www.imdb.com/title/tt0620140/?ref_=ttep_ep10
The King of Queens	9	1998–2007	2	12	Net Prophets	13-Dec-1999	Christmas	https://www.imdb.com/title/tt0765908/?ref_=ttep_ep12
The King of Queens	9	1998–2007	2	17	Meet By-Product	14-Feb-2000	St. Valentine's Day	https://www.imdb.com/title/tt0620108/?ref_=ttep_ep17
The King of Queens	9	1998–2007	3	8	Dark Meet	20-Nov-2000	Thanksgiving	https://www.imdb.com/title/tt0620046/?ref_=ttep_ep8
The King of Queens	9	1998–2007	3	11	Better Camera	11-Dec-2000	Christmas	https://www.imdb.com/title/tt0620028/?ref_=ttep_ep11
The King of Queens	9	1998–2007	4	6	Ticker Treat	29-Oct-2001	Halloween	https://www.imdb.com/title/tt0620170/?ref_=ttep_ep6
The King of Queens	9	1998–2007	5	10	Loaner Car	25-Nov-2002	Thanksgiving	https://www.imdb.com/title/tt0620101/?ref_=ttep_ep10
The King of Queens	9	1998–2007	5	11	Mentalo Case	16-Dec-2002	Christmas	https://www.imdb.com/title/tt0620109/?ref_=ttep_ep11
The King of Queens	9	1998–2007	5	15	Animal Attraction	10-Feb-2003	St. Valentine's Day	https://www.imdb.com/title/tt0620017/?ref_=ttep_ep15
The King of Queens	9	1998–2007	6	9	Thanks, Man	26-Nov-2003	Thanksgiving	https://www.imdb.com/title/tt0620167/?ref_=ttep_ep9
The King of Queens	9	1998–2007	6	11	Santa Claustrophobia	17-Dec-2003	Christmas	https://www.imdb.com/title/tt0620146/?ref_=ttep_ep11
The King of Queens	9	1998–2007	7	7	Silent Mite	15-Dec-2004	Christmas	https://www.imdb.com/title/tt0620153/?ref_=ttep_ep7
Last Man Standing	9	2011–2021	1	4	Last Halloween Standing	25-Oct-2011	Halloween	https://www.imdb.com/title/tt2065449/?ref_=ttep_ep4
Last Man Standing	9	2011–2021	1	10	Last Christmas Standing	6-Dec-2011	Christmas	https://www.imdb.com/title/tt2119136/?ref_=ttep_ep10
Last Man Standing	9	2011–2021	2	7	Putting a Hit on Christmas	14-Dec-2012	Christmas	https://www.imdb.com/title/tt2550248/?ref_=ttep_ep7
Last Man Standing	9	2011–2021	3	5	Haunted House	18-Oct-2013	Halloween	https://www.imdb.com/title/tt3220458/?ref_=ttep_ep5
Last Man Standing	9	2011–2021	3	9	Thanksgiving	22-Nov-2013	Thanksgiving	https://www.imdb.com/title/tt3220468/?ref_=ttep_ep9
Last Man Standing	9	2011–2021	3	11	Elfie	13-Dec-2013	Christmas	https://www.imdb.com/title/tt3360260/?ref_=ttep_ep11
Last Man Standing	9	2011–2021	3	15	Tasers	31-Jan-2014	St. Valentine's Day	https://www.imdb.com/title/tt3495488/?ref_=ttep_ep15
Last Man Standing	9	2011–2021	4	11	Wedding Planning	12-Dec-2014	Christmas	https://www.imdb.com/title/tt4265180/?ref_=ttep_ep11
Last Man Standing	9	2011–2021	5	6	Halloween	30-Oct-2015	Halloween	https://www.imdb.com/title/tt5151770/?ref_=ttep_ep6
Last Man Standing	9	2011–2021	5	9	The Gratitude List	20-Nov-2015	Thanksgiving	https://www.imdb.com/title/tt5197846/?ref_=ttep_ep9
Last Man Standing	9	2011–2021	5	11	Gift of the Wise Man	11-Dec-2015	Christmas	https://www.imdb.com/title/tt5200572/?ref_=ttep_ep11
Last Man Standing	9	2011–2021	6	5	Trick or Treat	21-Oct-2016	Halloween	https://www.imdb.com/title/tt6117816/?ref_=ttep_ep5
Last Man Standing	9	2011–2021	6	11	My Name Is Rob	16-Dec-2016	Christmas	https://www.imdb.com/title/tt6302188/?ref_=ttep_ep11
Last Man Standing	9	2011–2021	7	4	Bride of Prankenstein	19-Oct-2018	Halloween	https://www.imdb.com/title/tt9081548/?ref_=ttep_ep4
Last Man Standing	9	2011–2021	7	9	The Gift of the Mike Guy	14-Dec-2018	Christmas	https://www.imdb.com/title/tt9154346/?ref_=ttep_ep9
Last Man Standing	9	2011–2021	7	13	The Best Man	15-Feb-2019	St. Valentine's Day	https://www.imdb.com/title/tt15145050/?ref_=ttep_ep13
Laverne & Shirley	8	1976–1983	2	10	Oh Hear the Angels' Voices	21-Dec-1976	Christmas	https://www.imdb.com/title/tt0629000/?ref_=ttep_ep10
Laverne & Shirley	8	1976–1983	3	12	New Year's Eve 1959	27-Dec-1977	New Year	https://www.imdb.com/title/tt0629064/?ref_=ttep_ep12
Laverne & Shirley	8	1976–1983	4	14	O Come All Ye Bums	19-Dec-1978	Christmas	https://www.imdb.com/title/tt0629068/?ref_=ttep_ep14
Less Than Perfect	4	2002–2006	1	10	One Office Party Too Many	10-Dec-2002	Christmas	https://www.imdb.com/title/tt0630736/?ref_=ttep_ep10
Less Than Perfect	4	2002–2006	1	15	Valentine's Day	11-Feb-2003	St. Valentine's Day	https://www.imdb.com/title/tt0630759/?ref_=ttep_ep15
Less Than Perfect	4	2002–2006	2	9	Claude's Alternative Thanksgiving	25-Nov-2003	Thanksgiving	https://www.imdb.com/title/tt0630712/?ref_=ttep_ep9
Less Than Perfect	4	2002–2006	2	12	Santa Claude	16-Dec-2003	Christmas	https://www.imdb.com/title/tt0630745/?ref_=ttep_ep12
Less Than Perfect	4	2002–2006	3	5	Knock, Knock, Who's Dead?	29-Oct-2004	Halloween	https://www.imdb.com/title/tt0630730/?ref_=ttep_ep5
Less Than Perfect	4	2002–2006	3	9	Mom's the Word	26-Nov-2004	Thanksgiving	https://www.imdb.com/title/tt0630733/?ref_=ttep_ep9
Less Than Perfect	4	2002–2006	3	11	Claude's 15 Minutes of Christmas	17-Dec-2004	Christmas	https://www.imdb.com/title/tt0767041/?ref_=ttep_ep11
Living Single	5	1993–1998	1	15	Living Kringle	19-Dec-1993	Christmas	https://www.imdb.com/title/tt0634060/?ref_=ttep_ep15
Living Single	5	1993–1998	1	19	Mystery Date	13-Feb-1994	St. Valentine's Day	https://www.imdb.com/title/tt0634076/?ref_=ttep_ep19
Living Single	5	1993–1998	2	8	Trick or Trust	27-Oct-1994	Halloween	https://www.imdb.com/title/tt0634121/?ref_=ttep_ep8
Living Single	5	1993–1998	2	12	Thanks for Giving	24-Nov-1994	Thanksgiving	https://www.imdb.com/title/tt0634100/?ref_=ttep_ep12
Living Single	5	1993–1998	3	13	Let It Snow, Let It Snow, Let It Snow... Dammit	14-Dec-1995	Christmas	https://www.imdb.com/title/tt0634058/?ref_=ttep_ep13
Living Single	5	1993–1998	4	12	Doctor in the House	19-Dec-1996	Christmas	https://www.imdb.com/title/tt0634034/?ref_=ttep_ep12
My Two Dads	3	1987–1990	1	11	Tis the Season	20-Dec-1987	Christmas	https://www.imdb.com/title/tt0655159/?ref_=ttep_ep11
My Two Dads	3	1987–1990	3	10	Thanks for the Memories	22-Nov-1989	Thanksgiving	https://www.imdb.com/title/tt0786830/?ref_=ttep_ep10
My Two Dads	3	1987–1990	3	12	I'm Dreaming of a Holiday Episode	20-Dec-1989	Christmas	https://www.imdb.com/title/tt0786827/?ref_=ttep_ep12
Murphy Brown	11	1988–2018	1	5	Murphy's Pony	11-Dec-1988	Christmas	https://www.imdb.com/title/tt0653828/?ref_=ttep_ep5
Murphy Brown	11	1988–2018	1	12	Why Do Fools Fall in Love?	13-Feb-1989	St. Valentine's Day	https://www.imdb.com/title/tt0653949/?ref_=ttep_ep12
Murphy Brown	11	1988–2018	2	14	What Are You Doing New Year's Eve?	1-Jan-1990	New Year	https://www.imdb.com/title/tt0653943/?ref_=ttep_ep14
Murphy Brown	11	1988–2018	3	11	Jingle Hell, Jingle Hell, Jingle All the Way	17-Dec-1990	Christmas	https://www.imdb.com/title/tt0653803/?ref_=ttep_ep111
Murphy Brown	11	1988–2018	4	11	Mission Control	25-Nov-1991	Thanksgiving	https://www.imdb.com/title/tt0653820/?ref_=ttep_ep11
Murphy Brown	11	1988–2018	5	12	I'm Dreaming of a Brown Christmas	14-Dec-1992	Christmas	https://www.imdb.com/title/tt0653794/?ref_=ttep_ep12
Murphy Brown	11	1988–2018	7	12	Brown in Toyland	12-Dec-1994	Christmas	https://www.imdb.com/title/tt0653742/?ref_=ttep_ep12
Murphy Brown	11	1988–2018	8	15	Old Flames	5-Feb-1996	St. Valentine's Day	https://www.imdb.com/title/tt0653840/?ref_=ttep_ep15
Murphy Brown	11	1988–2018	11	9	Thanksgiving and Taking	22-Nov-2018	Thanksgiving	https://www.imdb.com/title/tt9262024/?ref_=ttep_ep9
Murphy Brown	11	1988–2018	11	13	Happy New Year	20-Dec-2018	New Year	https://www.imdb.com/title/tt9352508/?ref_=ttep_ep13
Modern Family	11	2009–2020	1	10	Undeck the Halls	9-Dec-2009	Christmas	https://www.imdb.com/title/tt1536241/?ref_=ttep_ep10
Modern Family	11	2009–2020	1	15	My Funky Valentine	10-Feb-2010	St. Valentine's Day	https://www.imdb.com/title/tt1583904/?ref_=ttep_ep15
Modern Family	11	2009–2020	2	6	Halloween	27-Oct-2010	Halloween	https://www.imdb.com/title/tt1627464/?ref_=ttep_ep6
Modern Family	11	2009–2020	2	14	Bixby's Back	9-Feb-2011	St. Valentine's Day	https://www.imdb.com/title/tt1627448/?ref_=ttep_ep14
Modern Family	11	2009–2020	3	9	Punkin Chunkin	23-Nov-2011	Thanksgiving	https://www.imdb.com/title/tt2087341/?ref_=ttep_ep9
Modern Family	11	2009–2020	3	10	Express Christmas	7-Dec-2011	Christmas	https://www.imdb.com/title/tt2096098/?ref_=ttep_ep10
Modern Family	11	2009–2020	4	5	Open House of Horrors	24-Oct-2012	Halloween	https://www.imdb.com/title/tt2393824/?ref_=ttep_ep5
Modern Family	11	2009–2020	4	11	New Year's Eve	9-Jan-2013	New Year	https://www.imdb.com/title/tt2586840/?ref_=ttep_ep11
Modern Family	11	2009–2020	4	15	Heart Broken	13-Feb-2013	St. Valentine's Day	https://www.imdb.com/title/tt2691640/?ref_=ttep_ep15
Modern Family	11	2009–2020	5	10	The Old Man & the Tree	11-Dec-2013	Christmas	https://www.imdb.com/title/tt3335562/?ref_=ttep_ep10
Modern Family	11	2009–2020	6	6	Halloween 3: AwesomeLand	29-Oct-2014	Halloween	https://www.imdb.com/title/tt4132862/?ref_=ttep_ep6
Modern Family	11	2009–2020	6	8	Three Turkeys	19-Nov-2014	Thanksgiving	https://www.imdb.com/title/tt4106068/?ref_=ttep_ep8
Modern Family	11	2009–2020	6	14	Valentine's Day 4: Twisted Sister	11-Feb-2015	St. Valentine's Day	https://www.imdb.com/title/tt4389740/?ref_=ttep_ep14
Modern Family	11	2009–2020	7	9	White Christmas	9-Dec-2015	Christmas	https://www.imdb.com/title/tt5209922/?ref_=ttep_ep9
Modern Family	11	2009–2020	8	5	Halloween 4: The Revenge of Rod Skyhook	26-Oct-2016	Halloween	https://www.imdb.com/title/tt6074728/?ref_=ttep_ep5
Modern Family	11	2009–2020	8	7	Thanksgiving Jamboree	16-Nov-2016	Thanksgiving	https://www.imdb.com/title/tt6184702/?ref_=ttep_ep7
Modern Family	11	2009–2020	8	9	Snow Ball	14-Dec-2016	Christmas	https://www.imdb.com/title/tt6254222/?ref_=ttep_ep9
Modern Family	11	2009–2020	9	5	It's the Great Pumpkin, Phil Dunphy	25-Oct-2017	Halloween	https://www.imdb.com/title/tt7476576/?ref_=ttep_ep5
Modern Family	11	2009–2020	9	7	Winner Winner Turkey Dinner	15-Nov-2017	Thanksgiving	https://www.imdb.com/title/tt7569884/?ref_=ttep_ep7
Modern Family	11	2009–2020	9	14	Written in the Stars	28-Feb-2018	St. Valentine's Day	https://www.imdb.com/title/tt7781868/?ref_=ttep_ep14
Modern Family	11	2009–2020	10	5	Good Grief	24-Oct-2018	Halloween	https://www.imdb.com/title/tt8428526/?ref_=ttep_ep5
Modern Family	11	2009–2020	10	10	Stuck in a Moment	12-Dec-2018	Christmas	https://www.imdb.com/title/tt8428534/?ref_=ttep_ep10
Modern Family	11	2009–2020	11	5	The Last Halloween	30-Oct-2019	Halloween	https://www.imdb.com/title/tt11022174/?ref_=ttep_ep5
Modern Family	11	2009–2020	11	7	The Last Thanksgiving	20-Nov-2019	Thanksgiving	https://www.imdb.com/title/tt11224340/?ref_=ttep_ep7
Modern Family	11	2009–2020	11	9	The Last Christmas	11-Dec-2019	Christmas	https://www.imdb.com/title/tt11248100/?ref_=ttep_ep9
Melrose Place	7	1992–1999	1	18	A Melrose Place Christmas	16-Dec-1992	Christmas	https://www.imdb.com/title/tt0645976/?ref_=ttep_ep18
Melrose Place	7	1992–1999	2	12	Cold Turkey	24-Nov-1993	Thanksgiving	https://www.imdb.com/title/tt0646007/?ref_=ttep_ep12
Melrose Place	7	1992–1999	2	15	Under the Mistletoe	22-Dec-1993	Christmas	https://www.imdb.com/title/tt0646174/?ref_=ttep_ep15
Melrose Place	7	1992–1999	3	11	The Days of Wine and Vodka	21-Nov-1994	Thanksgiving	https://www.imdb.com/title/tt0646144/?ref_=ttep_ep11
Melrose Place	7	1992–1999	3	15	Holiday on Ice	19-Dec-1994	Christmas	https://www.imdb.com/title/tt0646045/?ref_=ttep_ep15
Melrose Place	7	1992–1999	3	20	St. Valentine's Day Massacre	13-Feb-1995	St. Valentine's Day	https://www.imdb.com/title/tt0646127/?ref_=ttep_ep20
Melrose Place	7	1992–1999	4	15	Oy! to the World	11-Dec-1995	Christmas	https://www.imdb.com/title/tt0646101/?ref_=ttep_ep15
Melrose Place	7	1992–1999	5	13	Crazy Love	16-Dec-1996	Christmas	https://www.imdb.com/title/tt0646010/?ref_=ttep_ep13
Melrose Place	7	1992–1999	6	13	A Tree Talks in Melrose	22-Dec-1997	Christmas	https://www.imdb.com/title/tt0645980/?ref_=ttep_ep13
Melrose Place	7	1992–1999	7	19	The Usual Santas	21-Dec-1998	Christmas	https://www.imdb.com/title/tt0646158/?ref_=ttep_ep19
Married with Children	11	1987–1997	2	13	You Better Watch Out	20-Dec-1987	Christmas	https://www.imdb.com/title/tt0642437/?ref_=ttep_ep13
Married with Children	11	1987–1997	2	17	Peggy Loves Al - Yeah, Yeah, Yeah	14-Feb-1988	St. Valentine's Day	https://www.imdb.com/title/tt0642343/?ref_=ttep_ep17
Married with Children	11	1987–1997	4	11	It's a Bundyful Life Part 1	17-Dec-1989	Christmas	https://www.imdb.com/title/tt0642303/?ref_=ttep_ep11
Married with Children	11	1987–1997	4	12	It's a Bundyful Life Part 2	17-Dec-1989	Christmas	https://www.imdb.com/title/tt0642304/?ref_=ttep_ep12
Married with Children	11	1987–1997	7	12	Christmas	20-Dec-1992	Christmas	https://www.imdb.com/title/tt0642248/?ref_=ttep_ep12
Married with Children	11	1987–1997	8	7	Take My Wife, Please	24-Oct-1993	Halloween	https://www.imdb.com/title/tt0642384/?ref_=ttep_ep7
Married with Children	11	1987–1997	8	13	The Worst Noel	19-Dec-1993	Christmas	https://www.imdb.com/title/tt0809290/?ref_=ttep_ep13
Married with Children	11	1987–1997	8	17	Valentine's Day Massacre	13-Feb-1994	St. Valentine's Day	https://www.imdb.com/title/tt0642427/?ref_=ttep_ep17
Married with Children	11	1987–1997	10	14	I Can't Believe It's Butter	17-Dec-1995	Christmas	https://www.imdb.com/title/tt0642294/?ref_=ttep_ep14
Married with Children	11	1987–1997	11	6	A Bundy Thanksgiving	24-Nov-1996	Thanksgiving	https://www.imdb.com/title/tt0642204/?ref_=ttep_ep6
Married with Children	11	1987–1997	11	8	God Help Ye Merry Bundymen	22-Dec-1996	Christmas	https://www.imdb.com/title/tt0642278/?ref_=ttep_ep8
Malcolm in the Middle	7	2000–2006	2	2	Halloween Approximately	8-Nov-2000	Halloween	https://www.imdb.com/title/tt0640338/?ref_=ttep_ep2
Malcolm in the Middle	7	2000–2006	3	7	Christmas	16-Dec-2001	Christmas	https://www.imdb.com/title/tt0640302/?ref_=ttep_ep7
Malcolm in the Middle	7	2000–2006	5	4	Thanksgiving	23-Nov-2003	Thanksgiving	https://www.imdb.com/title/tt0640407/?ref_=ttep_ep4
Malcolm in the Middle	7	2000–2006	5	7	Christmas Trees	14-Dec-2003	Christmas	https://www.imdb.com/title/tt0640303/?ref_=ttep_ep7
Malcolm in the Middle	7	2000–2006	6	6	Hal's Christmas Gift	19-Dec-2004	Christmas	https://www.imdb.com/title/tt0640334/?ref_=ttep_ep6
Malcolm in the Middle	7	2000–2006	7	4	Halloween	28-Oct-2005	Halloween	https://www.imdb.com/title/tt0640337/?ref_=ttep_ep4
The Office	9	2005–2013	2	5	Halloween	18-Oct-2005	Halloween	https://www.imdb.com/title/tt0664516/?ref_=ttep_ep5
The Office	9	2005–2013	2	10	Christmas Party	6-Dec-2005	Christmas	https://www.imdb.com/title/tt0664513/?ref_=ttep_ep10
The Office	9	2005–2013	2	16	Valentine's Day	9-Feb-2006	St. Valentine's Day	https://www.imdb.com/title/tt0763221/?ref_=ttep_ep16
The Office	9	2005–2013	3	10	A Benihana Christmas	14-Dec-2006	Christmas	https://www.imdb.com/title/tt0908674/?ref_=ttep_ep10
The Office	9	2005–2013	5	10	Moroccan Christmas	11-Dec-2008	Christmas	https://www.imdb.com/title/tt1248733/?ref_=ttep_ep10
The Office	9	2005–2013	6	13	Secret Santa	10-Dec-2009	Christmas	https://www.imdb.com/title/tt1548747/?ref_=ttep_ep13
The Office	9	2005–2013	7	6	Costume Contest	28-Oct-2010	Halloween	https://www.imdb.com/title/tt1725594/?ref_=ttep_ep6
The Office	9	2005–2013	7	11	Classy Christmas	9-Dec-2010	Christmas	https://www.imdb.com/title/tt1752584/?ref_=ttep_ep11
The Office	9	2005–2013	7	15	PDA	10-Feb-2011	St. Valentine's Day	https://www.imdb.com/title/tt1817006/?ref_=ttep_ep15
The Office	9	2005–2013	8	5	Spooked	27-Oct-2011	Halloween	https://www.imdb.com/title/tt2074990/?ref_=ttep_ep5
The Office	9	2005–2013	8	10	Christmas Wishes	8-Dec-2011	Christmas	https://www.imdb.com/title/tt2113519/?ref_=ttep_ep10
The Office	9	2005–2013	8	14	Special Project	9-Feb-2012	St. Valentine's Day	https://www.imdb.com/title/tt2190001/?ref_=ttep_ep14
The Office	9	2005–2013	9	5	Here Comes Treble	25-Oct-2012	Halloween	https://www.imdb.com/title/tt2433396/?ref_=ttep_ep5
The Office	9	2005–2013	9	9	Dwight Christmas	6-Dec-2012	Christmas	https://www.imdb.com/title/tt2514850/?ref_=ttep_ep9
The Office	9	2005–2013	9	15	Couples Discount	7-Feb-2013	St. Valentine's Day	https://www.imdb.com/title/tt2572738/?ref_=ttep_ep15
2 Broke Girls	6	2011–2017	1	10	And the Very Christmas Thanksgiving	21-Nov-2011	Thanksgiving	https://www.imdb.com/title/tt2102511/?ref_=ttep_ep10
2 Broke Girls	6	2011–2017	1	10	And the Very Christmas Thanksgiving	21-Nov-2011	Christmas	https://www.imdb.com/title/tt2102511/?ref_=ttep_ep10
2 Broke Girls	6	2011–2017	2	12	And the High Holidays	17-Dec-2012	Christmas	https://www.imdb.com/title/tt2556388/?ref_=ttep_ep12
2 Broke Girls	6	2011–2017	4	7	And a Loan for Christmas	15-Dec-2014	Christmas	https://www.imdb.com/title/tt4116608/?ref_=ttep_ep7
30 Rock	7	2006–2013	1	13	Up All Night	8-Feb-2007	St. Valentine's Day	https://www.imdb.com/title/tt0944245/?ref_=ttep_ep14
30 Rock	7	2006–2013	2	9	Ludachristmas	13-Dec-2007	Christmas	https://www.imdb.com/title/tt1001594/?ref_=ttep_ep9
30 Rock	7	2006–2013	3	6	Christmas Special	11-Dec-2008	Christmas	https://www.imdb.com/title/tt1248348/?ref_=ttep_ep6
30 Rock	7	2006–2013	3	11	St. Valentine's Day	12-Feb-2009	St. Valentine's Day	https://www.imdb.com/title/tt1248332/?ref_=ttep_ep11
30 Rock	7	2006–2013	4	8	Secret Santa	10-Dec-2009	Christmas	https://www.imdb.com/title/tt1540153/?ref_=ttep_ep8
30 Rock	7	2006–2013	4	13	Anna Howard Shaw Day	11-Feb-2010	St. Valentine's Day	https://www.imdb.com/title/tt1590350/?ref_=ttep_ep13
30 Rock	7	2006–2013	5	10	Christmas Attack Zone	9-Dec-2010	Christmas	https://www.imdb.com/title/tt1635807/?ref_=ttep_ep10
30 Rock	7	2006–2013	6	6	Hey, Baby, What's Wrong?: Part 1	9-Feb-2012	St. Valentine's Day	https://www.imdb.com/title/tt2105091/?ref_=ttep_ep6
30 Rock	7	2006–2013	6	7	Hey, Baby, What's Wrong?: Part 2	9-Feb-2012	St. Valentine's Day	https://www.imdb.com/title/tt2372246/?ref_=ttep_ep7